{"kind":"identitytoolkit#DownloadAccountResponse","users":[{"localId":"4iybGx7F50aH8KtlxmtMnU27gfgR","createdAt":"1626979805379","lastLoginAt":"1626979805377","displayName":"test1","passwordHash":"fakeHash:salt=fakeSalt19x9Etb61S079s4UdJv7:password=1234567890","salt":"fakeSalt19x9Etb61S079s4UdJv7","passwordUpdatedAt":1629810615575,"providerUserInfo":[{"providerId":"password","email":"test1@test.com","federatedId":"test1@test.com","rawId":"test1@test.com","displayName":"test1"}],"validSince":"1629810615","email":"test1@test.com","emailVerified":false,"disabled":false,"lastRefreshAt":"2021-08-24T19:18:19.365Z"},{"localId":"hICDjuZIqQmU61uodfqJmscqAFnc","createdAt":"1625780826227","lastLoginAt":"1625780826224","displayName":"User","photoUrl":"","passwordHash":"fakeHash:salt=fakeSaltU0kRjiEMoB89DNOatRVV:password=1234567890","salt":"fakeSaltU0kRjiEMoB89DNOatRVV","passwordUpdatedAt":1629810615576,"providerUserInfo":[{"providerId":"password","email":"and@gmail.com","federatedId":"and@gmail.com","rawId":"and@gmail.com","displayName":"User","photoUrl":""}],"validSince":"1629810615","email":"and@gmail.com","emailVerified":false,"disabled":false,"lastRefreshAt":"2021-08-24T19:14:04.113Z"},{"localId":"tzc3BGhEvMaLukRI7SXI9txBQXgB","createdAt":"1629833211788","lastLoginAt":"1629833211788","emailVerified":false,"email":"tajayi@test.com","salt":"fakeSaltLVZbJFnV1FWl3XGVVEVD","passwordHash":"fakeHash:salt=fakeSaltLVZbJFnV1FWl3XGVVEVD:password=1234567890","passwordUpdatedAt":1629833211788,"validSince":"1629833211","providerUserInfo":[{"providerId":"password","email":"tajayi@test.com","federatedId":"tajayi@test.com","rawId":"tajayi@test.com","displayName":"Theophillus Ajayi"}],"lastRefreshAt":"2021-08-24T19:26:51.789Z","displayName":"Theophillus Ajayi"},{"localId":"u8X7sfoVUUSGyYfl8hpbGt21NvR7","createdAt":"1625782798661","lastLoginAt":"1625782798661","passwordHash":"fakeHash:salt=fakeSaltxCbjYGoZxRklTtX5N9jq:password=1234444444","salt":"fakeSaltxCbjYGoZxRklTtX5N9jq","passwordUpdatedAt":1629810615576,"providerUserInfo":[{"providerId":"password","email":"ad@gmail.com","federatedId":"ad@gmail.com","rawId":"ad@gmail.com"}],"validSince":"1629810615","email":"ad@gmail.com","emailVerified":false,"disabled":false},{"localId":"wLZ31fJuGq0KzWP3zo5DjpNu8IeV","createdAt":"1626866026581","lastLoginAt":"1626866026579","displayName":"test","passwordHash":"fakeHash:salt=fakeSaltsFAFNsaAh9Rci6sSp9RA:password=1234567890","salt":"fakeSaltsFAFNsaAh9Rci6sSp9RA","passwordUpdatedAt":1629810615576,"providerUserInfo":[{"providerId":"password","email":"test@test.com","federatedId":"test@test.com","rawId":"test@test.com","displayName":"test"}],"validSince":"1629810615","email":"test@test.com","emailVerified":false,"disabled":false,"lastRefreshAt":"2021-08-24T19:17:00.127Z"}]}